 ,Bin Fan,Calvin Jia,Andrew Audibert,Yupeng Fu,Haoyuan Li,Jiri Simsa,Gene Pang,Pei Sun,madanadit,cc,Chaomin Yu,haoyuan,Jan Hentschel,Yanqin Jin,Mingfei,David Capwell,bf8086,gjhkael,Henry Saputra,David Zhu,Shaoshan Liu,LuQQiu,Carson Wang,luoli,mbl,RongGu,Manu Goyal
All,0.011837013737140583,0.010718045892519974,0.010448459488214323,0.010165520709986112,0.009284766908852594,0.010526315789473684,0.009786534966019706,0.009153150324227656,0.00909090909090909,0.010616692370889646,0.01,0.009407208683835972,0.009751110166144314,0.00909090909090909,0.00909090909090909,0.00909090909090909,0.00909090909090909,0.00909090909090909,0.00909090909090909,0.00909090909090909,0.00909090909090909,0.00909090909090909,0.00909090909090909,0.009306856793215634,0.00909090909090909,0.01,0.00909090909090909
