 ,Bin Fan,Calvin Jia,Andrew Audibert,Yupeng Fu,Haoyuan Li,Jiri Simsa,Gene Pang,Pei Sun,madanadit,cc,Chaomin Yu,haoyuan,Jan Hentschel,Yanqin Jin,Mingfei,David Capwell,bf8086,gjhkael,Henry Saputra,David Zhu,Shaoshan Liu,LuQQiu,Carson Wang,luoli,mbl,RongGu,Manu Goyal
All,0.10934600113442998,0.12884140748467418,0.12843595203189745,0.08100724809273098,0.0484430832860362,0.039509643788010425,0.09297142879149063,0.06740846650544738,0.025334898856150367,0.033562640409595314,0.04824840040292905,0.02677486612659618,0.011097463928888123,0.012122123901232995,0.032375931739014756,0.00790692255720103,0.016359144079885875,0.005083836454389097,0.018612406926833955,0.013523626246232321,0.003582471717273458,0.013642831587017634,0.013364681896988771,0.013605176749865427,0.017677779585128534,0.004240828045496632,0.007812207087026939
