 ,Bin Fan,Calvin Jia,Andrew Audibert,Yupeng Fu,Haoyuan Li,Jiri Simsa,Gene Pang,Pei Sun,madanadit,cc,Chaomin Yu,haoyuan,Jan Hentschel,Yanqin Jin,Mingfei,David Capwell,bf8086,gjhkael,Henry Saputra,David Zhu,Shaoshan Liu,LuQQiu,Carson Wang,luoli,mbl,RongGu,Manu Goyal
All,0.08252793355879959,0.06476951087050312,0.05099725985867647,0.03408661204102665,0.029418971766817407,0.025050289655932208,0.029821609767310492,0.024852788895679698,0.011896034769678807,0.01642791319928386,0.02375980357937182,0.010571055295723225,0.010346256048149323,0.004406748277439691,0.0183103000524094,0.0029536282498247735,0.009383100605952469,0.0033848788883837403,0.011204210189536889,0.006420647119056367,0.0016814915657691596,0.006449650239818293,0.008259289105075543,0.006370383816352839,0.00862042471546918,0.003805272532122985,0.004894621811373777
