 ,LeoDarcy,CjhGm,MirageLyu
All,0.1111111111111111,0.14285714285714285,0.25
