 ,LeoDarcy,CjhGm,MirageLyu
LeoDarcy,0.0,0.35355339059327373,0.2
CjhGm,0.35355339059327373,0.0,0.3333333333333333
MirageLyu,0.2,0.3333333333333333,0.0
