 ,Bin Fan,Calvin Jia,Andrew Audibert,Yupeng Fu,Haoyuan Li,Jiri Simsa,Gene Pang,Pei Sun,madanadit,cc,Chaomin Yu,haoyuan,Jan Hentschel,Yanqin Jin,Mingfei,David Capwell,bf8086,gjhkael,Henry Saputra,David Zhu,Shaoshan Liu,LuQQiu,Carson Wang,luoli,mbl,RongGu,Manu Goyal
All,0.0029759796007534883,0.0030826632694146874,0.0029149068674078024,0.0028324520664209565,0.0027768673031175364,0.0029365947907832907,0.002835866854752832,0.0026859893407208,0.0027743013758273712,0.002712977571656173,0.0025906735751295338,0.002454492186557506,0.0025887196897868957,0.002835547618497808,0.0024013428221419104,0.0027644779897112604,0.002377685980323087,0.0026049264063331265,0.0023810266204681092,0.0024407891917743426,0.0027613775331451467,0.002331002331002331,0.0023955961509029328,0.0024330612174115235,0.002380028342974289,0.0024936415281247896,0.002393440621235125
